condition,family,method,ge_at_budget,sr_at_budget,traces_to_sustained_sr90,recovery_censored
clean,rout,fixed,0.0,1.0,631,False
clean,rout,oracle_known_shift,0.0,1.0,631,False
clean,r3,fixed,0.0,1.0,481,False
clean,r3,oracle_known_shift,0.0,1.0,481,False
noise_matched,rout,fixed,0.0,1.0,860,False
noise_matched,rout,oracle_known_shift,0.0,1.0,860,False
noise_matched,r3,fixed,0.0,1.0,1194,False
noise_matched,r3,oracle_known_shift,0.0,1.0,1194,False
shift_matched,rout,fixed,11.4,0.3,,True
shift_matched,rout,oracle_known_shift,0.0,1.0,631,False
shift_matched,r3,fixed,0.15,0.85,,True
shift_matched,r3,oracle_known_shift,0.0,1.0,481,False
combined_matched,rout,fixed,37.35,0.05,,True
combined_matched,rout,oracle_known_shift,0.0,1.0,1205,False
combined_matched,r3,fixed,3.3,0.55,,True
combined_matched,r3,oracle_known_shift,0.0,1.0,1088,False
combined_mild,rout,fixed,0.0,1.0,1399,False
combined_mild,rout,oracle_known_shift,0.0,1.0,775,False
combined_mild,r3,fixed,0.0,1.0,1234,False
combined_mild,r3,oracle_known_shift,0.0,1.0,612,False
combined_noise_ood,rout,fixed,115.25,0.0,,True
combined_noise_ood,rout,oracle_known_shift,23.8,0.2,,True
combined_noise_ood,r3,fixed,57.55,0.2,,True
combined_noise_ood,r3,oracle_known_shift,0.8,0.7,,True
combined_shift_ood,rout,fixed,68.8,0.0,,True
combined_shift_ood,rout,oracle_known_shift,0.0,1.0,887,False
combined_shift_ood,r3,fixed,49.95,0.1,,True
combined_shift_ood,r3,oracle_known_shift,0.0,1.0,1003,False
combined_both_ood,rout,fixed,118.05,0.0,,True
combined_both_ood,rout,oracle_known_shift,4.7,0.45,,True
combined_both_ood,r3,fixed,82.55,0.05,,True
combined_both_ood,r3,oracle_known_shift,3.9,0.5,,True
