attack_traces,guessing_entropy,success_rate
1,99.9,0.0
2,91.5,0.0
3,102.9,0.0
4,97.5,0.0
5,111.5,0.0
6,98.4,0.0
7,93.2,0.0
8,106.0,0.0
9,98.9,0.0
10,109.6,0.0
11,107.8,0.0
12,118.1,0.0
13,108.9,0.0
14,118.0,0.0
15,116.5,0.0
16,122.8,0.0
17,122.4,0.0
18,120.3,0.0
19,112.5,0.0
20,108.0,0.0
21,108.8,0.0
22,114.7,0.0
23,125.7,0.0
24,132.7,0.0
25,135.5,0.0
26,132.6,0.0
27,136.8,0.0
28,133.3,0.0
29,133.9,0.0
30,135.3,0.0
31,130.4,0.0
32,127.5,0.0
33,127.1,0.0
34,128.1,0.0
35,136.0,0.0
36,138.7,0.0
37,143.6,0.0
38,135.2,0.0
39,139.9,0.0
40,138.8,0.0
41,136.5,0.0
42,137.2,0.0
43,132.9,0.0
44,138.1,0.0
45,138.5,0.0
46,144.7,0.0
47,138.9,0.0
48,135.7,0.0
49,137.4,0.0
50,135.4,0.0
51,140.8,0.0
52,144.5,0.0
53,153.4,0.0
54,151.6,0.0
55,147.3,0.0
56,151.2,0.0
57,152.1,0.0
58,143.6,0.0
59,146.4,0.0
60,146.5,0.0
61,139.5,0.0
62,137.4,0.0
63,141.9,0.0
64,141.3,0.0
65,145.9,0.0
66,152.8,0.0
67,153.8,0.0
68,154.8,0.0
69,158.0,0.0
70,158.6,0.0
71,159.2,0.0
72,156.6,0.0
73,150.9,0.0
74,150.3,0.0
75,155.2,0.0
76,156.5,0.0
77,159.5,0.0
78,161.4,0.0
79,165.9,0.0
80,165.9,0.0
81,175.1,0.0
82,169.4,0.0
83,167.9,0.0
84,163.4,0.0
85,166.6,0.0
86,170.3,0.0
87,167.5,0.0
88,166.6,0.0
89,164.0,0.0
90,163.2,0.0
91,161.4,0.0
92,159.1,0.0
93,153.4,0.0
94,150.6,0.0
95,146.4,0.0
96,141.2,0.0
97,136.7,0.0
98,135.4,0.0
99,128.4,0.0
100,129.3,0.0
101,128.7,0.0
102,124.9,0.0
103,125.7,0.0
104,125.5,0.0
105,129.6,0.0
106,129.9,0.0
107,130.3,0.0
108,133.1,0.0
109,133.9,0.0
110,133.1,0.0
111,133.0,0.0
112,134.0,0.0
113,138.2,0.0
114,137.6,0.0
115,139.1,0.0
116,145.0,0.0
117,137.3,0.0
118,137.3,0.0
119,135.0,0.0
120,133.0,0.0
121,132.4,0.0
122,134.6,0.0
123,134.1,0.0
124,137.7,0.0
125,137.6,0.0
126,127.8,0.0
127,129.4,0.0
128,129.0,0.0
