pool,condition,method,family,pair,ge_at_budget,sr_at_budget,traces_to_sustained_sr90,recovery_censored
validation,clean,fixed,pair1,"[156, 521]",0.0,1.0,390,False
validation,clean,fixed,pair2,"[182, 547]",0.0,1.0,765,False
validation,clean,ncc_template,pair1,"[156, 521]",0.0,1.0,367,False
validation,clean,ncc_template,pair2,"[182, 547]",0.0,1.0,755,False
validation,clean,gaussian_template,pair1,"[156, 521]",0.0,1.0,367,False
validation,clean,gaussian_template,pair2,"[182, 547]",0.0,1.0,765,False
validation,clean,sad_training_mean,pair1,"[156, 521]",0.0,1.0,367,False
validation,clean,sad_training_mean,pair2,"[182, 547]",0.0,1.0,762,False
validation,clean,sad_training_reference,pair1,"[156, 521]",0.0,1.0,368,False
validation,clean,sad_training_reference,pair2,"[182, 547]",0.0,1.0,771,False
validation,clean,gaussian_offsets_rolled,pair1,"[156, 521]",0.0,1.0,604,False
validation,clean,gaussian_offsets_rolled,pair2,"[182, 547]",0.0,1.0,926,False
validation,clean,oracle_known_shift,pair1,"[156, 521]",0.0,1.0,390,False
validation,clean,oracle_known_shift,pair2,"[182, 547]",0.0,1.0,765,False
validation,shift5,fixed,pair1,"[156, 521]",140.6,0.0,,True
validation,shift5,fixed,pair2,"[182, 547]",136.45,0.0,,True
validation,shift5,ncc_template,pair1,"[156, 521]",0.0,1.0,367,False
validation,shift5,ncc_template,pair2,"[182, 547]",0.0,1.0,755,False
validation,shift5,gaussian_template,pair1,"[156, 521]",0.0,1.0,367,False
validation,shift5,gaussian_template,pair2,"[182, 547]",0.0,1.0,765,False
validation,shift5,sad_training_mean,pair1,"[156, 521]",0.0,1.0,367,False
validation,shift5,sad_training_mean,pair2,"[182, 547]",0.0,1.0,762,False
validation,shift5,sad_training_reference,pair1,"[156, 521]",0.0,1.0,368,False
validation,shift5,sad_training_reference,pair2,"[182, 547]",0.0,1.0,771,False
validation,shift5,gaussian_offsets_rolled,pair1,"[156, 521]",139.4,0.0,,True
validation,shift5,gaussian_offsets_rolled,pair2,"[182, 547]",120.95,0.0,,True
validation,shift5,oracle_known_shift,pair1,"[156, 521]",0.0,1.0,390,False
validation,shift5,oracle_known_shift,pair2,"[182, 547]",0.0,1.0,765,False
validation,combined5,fixed,pair1,"[156, 521]",137.0,0.0,,True
validation,combined5,fixed,pair2,"[182, 547]",146.05,0.0,,True
validation,combined5,ncc_template,pair1,"[156, 521]",0.0,1.0,1226,False
validation,combined5,ncc_template,pair2,"[182, 547]",0.3,0.75,,True
validation,combined5,gaussian_template,pair1,"[156, 521]",0.0,1.0,1277,False
validation,combined5,gaussian_template,pair2,"[182, 547]",0.35,0.8,,True
validation,combined5,sad_training_mean,pair1,"[156, 521]",0.0,1.0,1207,False
validation,combined5,sad_training_mean,pair2,"[182, 547]",0.45,0.75,,True
validation,combined5,sad_training_reference,pair1,"[156, 521]",0.0,1.0,1191,False
validation,combined5,sad_training_reference,pair2,"[182, 547]",0.25,0.8,,True
validation,combined5,gaussian_offsets_rolled,pair1,"[156, 521]",141.75,0.0,,True
validation,combined5,gaussian_offsets_rolled,pair2,"[182, 547]",118.15,0.0,,True
validation,combined5,oracle_known_shift,pair1,"[156, 521]",0.0,1.0,1191,False
validation,combined5,oracle_known_shift,pair2,"[182, 547]",0.1,0.9,1998,False
validation,combined10_ood,fixed,pair1,"[156, 521]",117.5,0.0,,True
validation,combined10_ood,fixed,pair2,"[182, 547]",165.65,0.0,,True
validation,combined10_ood,ncc_template,pair1,"[156, 521]",0.75,0.65,,True
validation,combined10_ood,ncc_template,pair2,"[182, 547]",105.25,0.0,,True
validation,combined10_ood,gaussian_template,pair1,"[156, 521]",0.95,0.65,,True
validation,combined10_ood,gaussian_template,pair2,"[182, 547]",102.9,0.0,,True
validation,combined10_ood,sad_training_mean,pair1,"[156, 521]",0.9,0.7,,True
validation,combined10_ood,sad_training_mean,pair2,"[182, 547]",104.6,0.0,,True
validation,combined10_ood,sad_training_reference,pair1,"[156, 521]",0.8,0.65,,True
validation,combined10_ood,sad_training_reference,pair2,"[182, 547]",104.8,0.0,,True
validation,combined10_ood,gaussian_offsets_rolled,pair1,"[156, 521]",113.15,0.0,,True
validation,combined10_ood,gaussian_offsets_rolled,pair2,"[182, 547]",144.65,0.0,,True
validation,combined10_ood,oracle_known_shift,pair1,"[156, 521]",1.1,0.65,,True
validation,combined10_ood,oracle_known_shift,pair2,"[182, 547]",104.65,0.05,,True
confirmation,clean,fixed,pair1,"[156, 521]",0.0,1.0,416,False
confirmation,clean,fixed,pair2,"[182, 547]",0.0,1.0,796,False
confirmation,clean,ncc_template,pair1,"[156, 521]",0.0,1.0,390,False
confirmation,clean,ncc_template,pair2,"[182, 547]",0.0,1.0,1010,False
confirmation,clean,gaussian_template,pair1,"[156, 521]",0.0,1.0,391,False
confirmation,clean,gaussian_template,pair2,"[182, 547]",0.0,1.0,1010,False
confirmation,clean,sad_training_mean,pair1,"[156, 521]",0.0,1.0,391,False
confirmation,clean,sad_training_mean,pair2,"[182, 547]",0.0,1.0,1009,False
confirmation,clean,sad_training_reference,pair1,"[156, 521]",0.0,1.0,471,False
confirmation,clean,sad_training_reference,pair2,"[182, 547]",0.0,1.0,904,False
confirmation,clean,gaussian_offsets_rolled,pair1,"[156, 521]",0.0,1.0,775,False
confirmation,clean,gaussian_offsets_rolled,pair2,"[182, 547]",0.0,1.0,810,False
confirmation,clean,oracle_known_shift,pair1,"[156, 521]",0.0,1.0,416,False
confirmation,clean,oracle_known_shift,pair2,"[182, 547]",0.0,1.0,796,False
confirmation,shift5,fixed,pair1,"[156, 521]",133.5,0.0,,True
confirmation,shift5,fixed,pair2,"[182, 547]",140.3,0.0,,True
confirmation,shift5,ncc_template,pair1,"[156, 521]",0.0,1.0,390,False
confirmation,shift5,ncc_template,pair2,"[182, 547]",0.0,1.0,1010,False
confirmation,shift5,gaussian_template,pair1,"[156, 521]",0.0,1.0,391,False
confirmation,shift5,gaussian_template,pair2,"[182, 547]",0.0,1.0,1010,False
confirmation,shift5,sad_training_mean,pair1,"[156, 521]",0.0,1.0,391,False
confirmation,shift5,sad_training_mean,pair2,"[182, 547]",0.0,1.0,1009,False
confirmation,shift5,sad_training_reference,pair1,"[156, 521]",0.0,1.0,471,False
confirmation,shift5,sad_training_reference,pair2,"[182, 547]",0.0,1.0,904,False
confirmation,shift5,gaussian_offsets_rolled,pair1,"[156, 521]",131.45,0.0,,True
confirmation,shift5,gaussian_offsets_rolled,pair2,"[182, 547]",136.9,0.0,,True
confirmation,shift5,oracle_known_shift,pair1,"[156, 521]",0.0,1.0,416,False
confirmation,shift5,oracle_known_shift,pair2,"[182, 547]",0.0,1.0,796,False
confirmation,combined5,fixed,pair1,"[156, 521]",129.05,0.0,,True
confirmation,combined5,fixed,pair2,"[182, 547]",144.2,0.0,,True
confirmation,combined5,ncc_template,pair1,"[156, 521]",0.0,1.0,1028,False
confirmation,combined5,ncc_template,pair2,"[182, 547]",0.0,1.0,1888,False
confirmation,combined5,gaussian_template,pair1,"[156, 521]",0.0,1.0,1019,False
confirmation,combined5,gaussian_template,pair2,"[182, 547]",0.0,1.0,1606,False
confirmation,combined5,sad_training_mean,pair1,"[156, 521]",0.0,1.0,1023,False
confirmation,combined5,sad_training_mean,pair2,"[182, 547]",0.0,1.0,1888,False
confirmation,combined5,sad_training_reference,pair1,"[156, 521]",0.0,1.0,1023,False
confirmation,combined5,sad_training_reference,pair2,"[182, 547]",0.05,0.95,1300,False
confirmation,combined5,gaussian_offsets_rolled,pair1,"[156, 521]",134.35,0.0,,True
confirmation,combined5,gaussian_offsets_rolled,pair2,"[182, 547]",133.45,0.0,,True
confirmation,combined5,oracle_known_shift,pair1,"[156, 521]",0.0,1.0,1015,False
confirmation,combined5,oracle_known_shift,pair2,"[182, 547]",0.05,0.95,1893,False
confirmation,combined10_ood,fixed,pair1,"[156, 521]",145.45,0.0,,True
confirmation,combined10_ood,fixed,pair2,"[182, 547]",152.25,0.0,,True
confirmation,combined10_ood,ncc_template,pair1,"[156, 521]",34.2,0.1,,True
confirmation,combined10_ood,ncc_template,pair2,"[182, 547]",9.15,0.25,,True
confirmation,combined10_ood,gaussian_template,pair1,"[156, 521]",40.2,0.1,,True
confirmation,combined10_ood,gaussian_template,pair2,"[182, 547]",8.45,0.15,,True
confirmation,combined10_ood,sad_training_mean,pair1,"[156, 521]",43.65,0.1,,True
confirmation,combined10_ood,sad_training_mean,pair2,"[182, 547]",7.85,0.3,,True
confirmation,combined10_ood,sad_training_reference,pair1,"[156, 521]",41.55,0.05,,True
confirmation,combined10_ood,sad_training_reference,pair2,"[182, 547]",7.35,0.3,,True
confirmation,combined10_ood,gaussian_offsets_rolled,pair1,"[156, 521]",121.65,0.0,,True
confirmation,combined10_ood,gaussian_offsets_rolled,pair2,"[182, 547]",115.8,0.0,,True
confirmation,combined10_ood,oracle_known_shift,pair1,"[156, 521]",33.35,0.05,,True
confirmation,combined10_ood,oracle_known_shift,pair2,"[182, 547]",12.65,0.2,,True
